Brand,Product Name,Price
ADIDAS,Clear factor M Lace-Up Running Shoes,"Rs. 1,999"
NIKE,Revolution 4 Lace-Up Sports Shoes,"Rs. 1,848"
ADIDAS,Adivat Running Sports Shoes,"Rs. 1,484"
Campus,Oxyfit Low-Top Slip-On Sports Shoes,Rs. 799
Campus,Textured Lace-Up Sports Shoes,"Rs. 1,124"
NIKE,Revolution 4 Lace-Up Running Shoes,"Rs. 2,217"
Puma,Puma Stoop IDP Sports Shoes,"Rs. 1,575"
ASICS,Gel Contend 4B+ Running Shoes,"Rs. 2,274"
Puma,Jaro Fresh Lace-Up Running Shoes,"Rs. 2,150"
ASICS,Gel-Venture 8 Low-Top Running Shoes,"Rs. 2,500"
Puma,Heathered Lace-Up Running Shoes,"Rs. 3,500"
AARGENT,Panelled Sports Shoes with Lace Fastening,Rs. 599
Skechers,Flex Advantage 3.0 - Osthurst Slip-on Shoes,"Rs. 3,499"
Campus,Wynk Textured Low-Top Lace-Up Sports Shoes,"Rs. 1,000"
Puma,NRGY Dynamo Futuro Running Sports Shoes,"Rs. 2,070"
Campus,Remo Heathered Lace-Up Sports Shoes,"Rs. 1,053"
Campus,Krish Textured Lace-up Running Shoes,"Rs. 1,101"
GO21,Textured Low-Top Lace-Up Sports Shoes,Rs. 736
Campus,Wisdom Panelled Lace-Up Sports Shoes,Rs. 929
NIKE,Downshifter 9 Lace-Up Sports Shoes,"Rs. 1,998"
NIKE,Legend Lace-Up Training Sports Shoes,"Rs. 3,071"
PERFORMAX,Low-Top Running Shoes with Toggle Fastening,"Rs. 1,999"
Campus,Cannes Mid-Top Running Shoes,"Rs. 1,120"
Reebok,Panelled Lace-Up Running Shoes,"Rs. 1,379"
HIROLAS,Textured Lace-up Sports Shoes,"Rs. 1,049"
NIKE,Todos Lace-Up Sports Shoes,"Rs. 2,557"
Campus,Panelled Low-Top Lace-Up Sports Shoes,"Rs. 1,177"
Campus,Legend Lace-Up Sports Shoes,Rs. 839
ASIAN,Lace-Up Sports Shoes,Rs. 799
Campus,Davis Knitted Lace-Up Running Shoes,"Rs. 1,499"
Reebok,Fast Motion Run LP Sports Shoes,"Rs. 1,799"
Campus,Oxyfit Low-Top Slip-On Sports Shoes,Rs. 799
Campus,Textured Low-Top Lace-Up Sports Shoes,"Rs. 1,019"
Skechers,Low-Top Lace-Up Sports Shoes,"Rs. 3,464"
Puma,Comet 2 FS Walking Shoes,"Rs. 2,199"
Puma,Jaro Lace-Up Running Shoes,"Rs. 2,000"
Campus,Bull Panelled Lace-Up Sports Shoes,Rs. 759
Campus,Textured Low-Top Lace-Up Sports Shoes,"Rs. 1,257"
Puma,LQDCELL Method Training Shoes,"Rs. 5,669"
Puma,Puma Stoop IDP Sports Shoes,"Rs. 1,575"
Walkstyle,Sports Shoes with Textured Detail,Rs. 599
Puma,Swing IDP Slip-On Running Shoes,"Rs. 1,750"
Campus,Streme Panelled Lace-Up Sports Shoes,Rs. 899
Campus,Flat Heel Sports Shoes,"Rs. 1,199"
ADIDAS,Lite Racer Adapt 3.0 Lace-Up Running Shoes,"Rs. 4,919"
